epoch,train_loss,val_loss,train_acc,val_acc,learning_rate
1,0.4521,0.3892,0.7823,0.8234,0.00010
2,0.3214,0.2987,0.8456,0.8678,0.00009
3,0.2789,0.2543,0.8789,0.8923,0.00008
4,0.2345,0.2234,0.9012,0.9145,0.00007
5,0.2123,0.2087,0.9145,0.9267,0.00006
10,0.1234,0.1543,0.9456,0.9512,0.00003
15,0.0987,0.1234,0.9534,0.9543,0.00001
20,0.0876,0.1198,0.9567,0.9541,0.000005
